<?xml version="1.0" encoding="UTF-8"?>
<!DOCTYPE configuration PUBLIC "-//mybatis.org//DTD Config 3.0//EN" "http://mybatis.org/dtd/mybatis-3-config.dtd">
<!--配置文件的详细介绍可参考:http://limingnihao.iteye.com/blog/1060764-->
<configuration>
    <!-- 全局配置 -->
    <settings>
        <!--
               指定MyBatis如何自动映射列到字段/属性。PARTIAL只会自动映射简单，没有嵌套的结果。
        　　FULL会自动映射任意复杂的结果（嵌套的或其他情况）
        　　有效值：NONE,PARTIAL,FULL
        　　默认值：PARTIAL
         -->
        <setting name="autoMappingBehavior" value="PARTIAL"/>
        <!-- 新增了一个 settings 配置的参数 autoMappingUnknownColumnBehavior ，当检测出未知列（或未知属性）时，如何处理，
            默认情况下没有任何提示，这在测试的时候很不方便，不容易找到错误 -->
        <setting name="autoMappingUnknownColumnBehavior" value="WARNING"/>
        <!--当启用时，使用延迟加载属性的对象在发起任何延迟属性的调用时会被完全加载。否则，每个属性在请求时就加载。默认值：true -->
        <setting name="aggressiveLazyLoading" value="false"/>
        <!-- 全局二级缓存开关：默认是true，如果它配成false，其余各个Mapper XML文件配成支持cache也没用 -->
        <setting name="cacheEnabled" value="true"/>
        <setting name="callSettersOnNulls" value="false"/>
        <!-- <setting name="databaseId" value="" /> -->
        <!-- <setting name="defaultFetchSize" value="" /> -->

        <!-- 设置超时时间，它决定驱动等待一个数据库响应的时间。
        　　有效值：Any，positive，integer
        　　默认值：Not Set(null)
        <setting name="defaultStatementTimeout" value="25" />
         -->
        <!-- 配置默认的执行器。SIMPLE 执行器没有什么特别之处。REUSE执行器重用预处理语句。BATCH 执行器重用语句和批量更新
        　　有效值：SIMPLE,REUSE,BATCH
        　　默认值：SIMPLE
         -->
        <setting name="defaultExecutorType" value="SIMPLE"/>
        <setting name="jdbcTypeForNull" value="NULL"/>
        <!-- 允许或不允许多种结果集从一个单独的语句中返回（需要适合的驱动）
        　　有效值：true,false
        　　默认值：true
        -->
        <setting name="multipleResultSetsEnabled" value="true"/>
        <!-- <setting name="useActualParamName" value="false" /> -->
        <!-- 使用列标签代替列名。不同的驱动在这方便表现不同。参考驱动文档或充分测试两种方法来决定所使用的驱动。
        　　有效值：true,false
        　　默认值：true
         -->
        <setting name="useColumnLabel" value="true"/>
        <!-- 允许JDBC支持生成的键。需要适合的驱动。如果设置为true则这个设置强制生成的键被使用，尽管一些驱动拒绝兼容但仍然有效（比如 Derby）
        　　有效值：true,false
        　　默认值：false
         -->
        <setting name="useGeneratedKeys" value="false"/>
        <setting name="safeRowBoundsEnabled" value="false"/>
        <setting name="safeResultHandlerEnabled" value="true"/>
        <setting name="mapUnderscoreToCamelCase" value="false"/>
        <!--全局地禁用或启用延迟加载。禁用时，所有关联查询会被马上加载;默认值：true -->
        <setting name="lazyLoadingEnabled" value="true"/>
        <setting name="lazyLoadTriggerMethods" value="equals,clone,hashCode,toString"/>
        <setting name="localCacheScope" value="SESSION"/>
        <!--
            日志名称前缀：该值会影响log4j对mybatis输出日志；
            增加了该前缀后，日志的名称将会变成类似以下结构：
            [Mybatis]net.jeebiz.dao.daointerface.xxx.xxx
            故如果需要输出SQL日志，配置需改为：
            log4j.logger.[Mybatis]net.jeebiz = DEBUG
         -->
        <setting name="logPrefix" value="[Mybatis]"/>
        <!-- <setting name="logImpl" value="LOG4J"/> -->
        <setting name="logImpl" value="LOG4J2"/>
    </settings>
    <typeAliases>
        <typeAlias alias="Integer" type="java.lang.Integer"/>
        <typeAlias alias="Long" type="java.lang.Long"/>
        <typeAlias alias="HashMap" type="java.util.HashMap"/>
        <typeAlias alias="LinkedHashMap" type="java.util.LinkedHashMap"/>
        <typeAlias alias="ArrayList" type="java.util.ArrayList"/>
        <typeAlias alias="LinkedList" type="java.util.LinkedList"/>
        <typeAlias alias="PairModel" type="net.jeebiz.basemodel.PairModel"/>
        <typeAlias alias="BaseMap" type="net.jeebiz.basemodel.BaseMap"/>
    </typeAliases>
    <!-- 此处配置需要特别注意：拦截器执行的顺序是配置顺序的倒叙执行 -->
    <plugins>
        <plugin interceptor="net.jeebiz.orm.mybatis.interceptor.PartitionPaginationInterceptor">
            <property name="dialect" value="oracle"/>
            <property name="methodRegexp" value=".*getPaged*.*"/><!-- 分页拦截,配置以*getPaged*开始的Id -->
        </plugin>
    </plugins>
</configuration>