<?xml version="1.0" encoding="UTF-8"?>
<beans xmlns="http://www.springframework.org/schema/beans"
       xmlns:xsi="http://www.w3.org/2001/XMLSchema-instance" xmlns:context="http://www.springframework.org/schema/context"
       xsi:schemaLocation="http://www.springframework.org/schema/beans http://www.springframework.org/schema/beans/spring-beans.xsd http://www.springframework.org/schema/context http://www.springframework.org/schema/context/spring-context.xsd">

    <!-- Import Properties -->
    <context:property-placeholder location="classpath:config.properties"/>

    <!-- H2 Data Source Config -->
    <bean id="dataSource" class="com.zaxxer.hikari.HikariDataSource" destroy-method="close">
        <property name="driverClassName" value="${h2.driver}"/>
        <property name="jdbcUrl" value="${h2.url}"/>
        <property name="username" value="${h2.username}"/>
        <property name="password" value="${h2.password}"/>
    </bean>

    <!-- SqlSessionFactory Config -->
    <bean id="sqlSessionFactory" class="com.baomidou.mybatisplus.extension.spring.MybatisSqlSessionFactoryBean">
        <property name="dataSource" ref="dataSource"/>
        <property name="globalConfig" ref="globalConfig"/>
        <property name="plugins">
            <array>
                <bean class="com.baomidou.mybatisplus.extension.plugins.PerformanceInterceptor"></bean>
            </array>
        </property>
    </bean>

    <bean id="globalConfig" class="com.baomidou.mybatisplus.core.config.GlobalConfig">
        <property name="dbConfig" ref="dbConfig"/>
    </bean>

    <bean id="dbConfig" class="com.baomidou.mybatisplus.core.config.GlobalConfig.DbConfig">
        <property name="keyGenerator" ref="keyGenerator"/>
    </bean>

    <bean id="keyGenerator" class="com.baomidou.mybatisplus.extension.incrementer.H2KeyGenerator"/>

    <!-- MyBatis Mapper Scan Config  -->
    <bean class="org.mybatis.spring.mapper.MapperScannerConfigurer">
        <property name="basePackage" value="com.baomidou.mybatisplus.samples.quickstart.springmvc.mapper"/>
    </bean>

</beans>